name,age,salary,department
Alice,-1.414213562373095,-1.4142135623730951,HR
Bob,0.0,0.0,Engineering
Charlie,1.414213562373095,1.4142135623730951,Sales
David,0.0,0.0,Engineering
